name,gender,count
Aahil,m,139
Aaliyah,f,3539
Aarav,m,331
Aaron,m,8666
Aarya,f,71
Aaryan,m,23
Aayan,m,273
Aayat,f,10
Abby,f,493
Abdiel,m,258
Abdoul,m,253
Abdoulaye,m,405
Abdul,m,487
Abdullah,m,913
Abdulloh,m,28
Abe,m,11
Abel,m,597
Abigail,f,7926
Aboubacar,m,13
Abraham,m,5130
Abrar,m,56
Abrielle,f,66
Abril,f,60
Abubakr,m,11
Ace,m,52
Ada,f,550
Adalynn,f,10
Adam,m,7335
Adan,m,186
Addison,f,825
Adelaide,f,361
Adele,f,662
Adelina,f,88
Adeline,f,395
Adelyn,f,93
Adelynn,f,11
Aden,m,630
Adiel,m,34
Adina,f,577
Aditya,m,228
Adonis,m,899
Adrian,m,6348
Adriana,f,2246
Adrianna,f,1095
Adriel,m,896
Adyan,m,193
Ahad,m,10
Aharon,m,412
Ahmad,m,311
Ahmed,m,1481
Ahnaf,m,157
Ahron,m,222
Ahuva,f,496
Aicha,f,437
Aidan,m,3057
Aiden,m,14382
Ailani,f,11
Aileen,f,590
Aimee,f,160
Aisha,f,1257
Aissata,f,60
Aissatou,f,370
Aitana,f,11
Aiza,f,229
Aizah,f,42
Akiva,m,661
Alahia,f,10
Alaia,f,339
Alaina,f,21
Alan,m,2966
Alana,f,1028
Alani,f,384
Alanis,f,235
Alanna,f,137
Alayna,f,57
Alba,f,10
Albert,m,1321
Alberto,m,340
Aldo,m,144
Aleah,f,66
Alec,m,132
Aleena,f,422
Alejandra,f,411
Alejandro,m,1782
Aleksander,m,60
Aleksandra,f,66
Alessandra,f,836
Alessandro,m,44
Alessia,f,484
Alex,m,3983
Alexa,f,3248
Alexander,m,13845
Alexandra,f,4241
Alexandria,f,130
Alexia,f,366
Alexis,f,1168
Alexis,m,1203
Alfred,m,108
Alfredo,m,172
Ali,m,1931
Alia,f,49
Aliah,f,44
Alice,f,2967
Alicia,f,802
Alijah,m,60
Alina,f,1869
Alisa,f,401
Alisha,f,285
Alison,f,737
Alissa,f,60
Alisson,f,261
Aliya,f,30
Aliyah,f,1215
Aliza,f,585
Allan,m,258
Allen,m,1159
Allison,f,3471
Allyson,f,454
Alma,f,460
Alondra,f,436
Alonso,m,82
Alpha,m,299
Alston,m,212
Alter,m,90
Alvin,m,1292
Alyson,f,66
Alyssa,f,3361
Amadou,m,456
Amaia,f,133
Amalia,f,483
Amanda,f,1894
Amani,f,160
Amar'e,m,240
Amara,f,181
Amare,m,330
Amari,m,1239
Amaya,f,1937
Amayah,f,34
Ambar,f,12
Amber,f,1470
Amberly,f,66
Ameer,m,36
Amelia,f,5024
Amelie,f,424
Amia,f,72
Amina,f,1354
Aminata,f,744
Amir,m,3959
Amira,f,938
Amirah,f,522
Amirjon,m,10
Amiya,f,60
Amiyah,f,536
Amora,f,15
Amrom,m,100
Amy,f,3077
Ana,f,1162
Anabel,f,66
Anabella,f,154
Anabelle,f,60
Anabia,f,68
Anahi,f,12
Anais,f,73
Analia,f,338
Ananya,f,60
Anas,m,16
Anastasia,f,772
Anaya,f,974
Anayah,f,60
Anderson,m,986
Andre,m,681
Andrea,f,1328
Andres,m,990
Andrew,m,8260
Andy,m,2237
Angel,f,724
Angel,m,6096
Angela,f,2122
Angelica,f,857
Angelina,f,3683
Angeline,f,72
Angelique,f,568
Angelo,m,891
Angely,f,66
Angie,f,594
Angus,m,96
Anika,f,188
Anisa,f,204
Anisha,f,84
Aniya,f,350
Aniyah,f,911
Anjali,f,10
Anna,f,3883
Annabel,f,253
Annabella,f,198
Annabelle,f,1350
Annalise,f,124
Anne,f,304
Annie,f,692
Annika,f,72
Ansel,m,11
Anson,m,596
Anthony,m,10891
Anton,m,142
Antonella,f,115
Antonia,f,263
Antonio,m,1801
Anya,f,275
April,f,389
Arabella,f,120
Archer,m,257
Arden,f,13
Arely,f,210
Arham,m,225
Ari,m,1117
Aria,f,2620
Ariadna,f,22
Ariadne,f,12
Ariah,f,129
Arian,m,66
Ariana,f,4286
Arianna,f,4377
Arianny,f,171
Ariel,f,2119
Ariel,m,1134
Ariela,f,60
Ariella,f,1204
Arielle,f,973
Arisha,f,173
Ariyah,f,35
Arjun,m,608
Arleth,f,11
Arlette,f,48
Arlo,m,188
Armaan,m,194
Armando,m,150
Armani,m,521
Aron,m,1901
Arthur,m,931
Arturo,m,80
Arvin,m,66
Arya,f,921
Aryan,m,550
Arye,m,82
Aryeh,m,736
Asher,m,2368
Ashley,f,6176
Ashly,f,89
Ashton,m,1219
Asia,f,72
Astrid,f,10
Atara,f,149
Athena,f,1006
Atticus,m,60
Aubree,f,396
Aubrey,f,1816
Audrey,f,2096
August,m,826
Augustus,m,80
Aurelia,f,12
Aurora,f,722
Austin,m,4040
Autumn,f,1155
Ava,f,9386
Avery,f,3036
Avery,m,1346
Avi,m,268
Aviel,m,10
Avigail,f,319
Avital,f,60
Aviva,f,409
Avraham,m,1373
Avril,f,66
Avrohom,m,805
Avrum,m,420
Awa,f,60
Axel,m,1899
Aya,f,191
Ayaan,m,1247
Ayala,f,106
Ayan,m,402
Ayanna,f,78
Ayat,f,58
Ayden,m,4995
Aydin,m,100
Ayelet,f,12
Ayesha,f,617
Ayla,f,422
Ayleen,f,274
Aylin,f,764
Ayra,f,10
Azaan,m,73
Azaria,f,60
Azariah,f,20
Aziza,f,66
Baila,f,1353
Bailey,f,22
Barbara,f,146
Baruch,m,472
Basya,f,84
Batsheva,f,920
Batya,f,102
Beatrice,f,887
Beatrix,f,109
Beau,m,21
Beckett,m,325
Belen,f,10
Bella,f,3470
Ben,m,581
Benjamin,m,9814
Bennett,m,425
Benson,m,461
Bentzion,m,82
Benzion,m,465
Berish,m,143
Berl,m,125
Bethany,f,10
Bianca,f,866
Billie,f,11
Bina,f,12
Bintou,f,109
Binyamin,m,114
Binyomin,m,324
Blair,f,10
Blake,f,227
Blake,m,1275
Blessing,f,91
Blima,f,757
Blimy,f,753
Bodhi,m,60
Bonnie,f,143
Boruch,m,352
Boubacar,m,172
Bowen,m,60
Bracha,f,707
Bradley,m,998
Brady,m,394
Brandon,m,7006
Brayan,m,577
Brayden,m,1173
Breindy,f,311
Brenda,f,325
Brendan,m,587
Bria,f,66
Brian,m,3130
Briana,f,703
Brianna,f,4257
Brianny,f,70
Bridget,f,239
Briella,f,24
Brielle,f,1698
Brigitte,f,66
Britney,f,244
Brittany,f,708
Brody,m,524
Brooke,f,1164
Brooklyn,f,204
Brooks,m,119
Bruce,m,308
Brucha,f,206
Bruchy,f,465
Bruno,m,21
Bryan,m,3252
Bryanna,f,366
Bryant,m,355
Bryce,m,1289
Brynn,f,154
Bryson,m,589
Burech,m,11
Byron,m,288
Caden,m,220
Caiden,m,317
Cairo,m,179
Caitlin,f,258
Caleb,m,4153
Cali,f,172
Callie,f,14
Calvin,m,650
Camden,m,91
Cameron,f,79
Cameron,m,2719
Camila,f,4983
Camilla,f,388
Camille,f,410
Camilo,m,148
Camren,m,142
Carina,f,199
Carla,f,176
Carlos,m,2628
Carly,f,60
Carmelo,m,472
Carmen,f,340
Carmine,m,78
Carolina,f,329
Caroline,f,1989
Carson,m,529
Carter,m,3168
Casey,f,72
Cassandra,f,130
Cassidy,f,141
Cataleya,f,162
Catalina,f,428
Catherine,f,1902
Cayden,m,658
Cecelia,f,66
Cecilia,f,1047
Celeste,f,179
Celia,f,210
Celine,f,619
Cesar,m,798
Chace,m,11
Chad,m,149
Chaim,m,4304
Chana,f,3898
Chance,m,648
Chanel,f,97
Chanie,f,60
Chany,f,1084
Charles,m,5075
Charlie,f,280
Charlie,m,859
Charlotte,f,5375
Chase,m,3223
Chava,f,1130
Chavy,f,388
Chaya,f,5260
Chelsea,f,2221
Cheskel,m,391
Chesky,m,225
Cheyenne,f,120
Chiara,f,82
Chloe,f,9574
Chris,m,1064
Christian,m,7859
Christina,f,1353
Christine,f,235
Christopher,m,9630
Christy,f,72
Cindy,f,631
Claire,f,2151
Clara,f,1112
Clark,m,25
Claudia,f,96
Clementine,f,137
Cleo,f,10
Cody,m,216
Cole,m,811
Colette,f,451
Colin,m,1200
Colton,m,114
Connie,f,150
Connor,m,2069
Conor,m,346
Cooper,m,922
Cora,f,521
Corey,m,153
Cormac,m,66
Cristian,m,1167
Cristina,f,60
Cristofer,m,66
Cristopher,m,256
Crosby,m,11
Crystal,f,831
Cynthia,f,696
Cyrus,m,146
Dahlia,f,411
Daisy,f,922
Dakota,f,305
Daleyza,f,110
Dalia,f,172
Dallas,m,44
Damani,m,60
Damari,m,10
Damaris,f,66
Damian,m,1499
Damien,m,391
Damon,m,184
Dana,f,204
Daniel,m,15702
Daniela,f,1750
Daniella,f,1579
Danielle,f,874
Danna,f,914
Danny,m,865
Dante,m,607
Daphne,f,513
Dara,f,12
Daria,f,22
Dariel,m,817
Darius,m,251
Darren,m,828
Darwin,m,447
Dashiell,m,132
David,m,15227
Dayana,f,552
Dean,m,908
Deborah,f,70
Declan,m,1014
Delilah,f,1063
Demi,f,10
Denis,m,60
Denise,f,156
Denisse,f,11
Dennis,m,278
Denzel,m,168
Dereck,m,142
Derek,m,2435
Derick,m,168
Derrick,m,208
Desmond,m,164
Destiny,f,1625
Devin,m,1662
Devoiry,f,24
Devon,m,60
Devora,f,563
Devorah,f,1298
Devory,f,10
Diana,f,1652
Diego,m,1648
Dilan,m,90
Dillon,m,10
Dina,f,1103
Dion,m,10
Dior,f,15
Diya,f,149
Diyora,f,11
Dominic,m,1982
Dominick,m,927
Donovan,m,257
Doris,f,138
Dov,m,1071
Dovid,m,921
Dream,f,28
Drew,m,179
Dua,f,21
Dulce,f,276
Duvid,m,207
Dwayne,m,84
Dylan,f,711
Dylan,m,12604
Ean,m,99
Eason,m,807
Eddie,m,144
Eddy,m,122
Eden,f,723
Eden,m,240
Edgar,m,658
Edison,m,488
Edith,f,134
Eduardo,m,831
Edward,m,2505
Edwin,m,1598
Efraim,m,548
Egypt,f,305
Eileen,f,765
Eitan,m,467
Elaine,f,547
Elan,m,154
Eleanor,f,1783
Elena,f,1868
Eleni,f,60
Eli,m,4962
Eliam,m,119
Elian,m,633
Eliana,f,2688
Elianna,f,79
Elianny,f,176
Elias,m,3425
Eliel,m,33
Eliezer,m,1119
Elijah,m,7710
Elimelech,m,493
Elina,f,367
Eliot,m,10
Elisa,f,386
Elise,f,487
Elisheva,f,425
Eliyahu,m,864
Eliza,f,839
Elizabeth,f,5818
Ella,f,5499
Elle,f,504
Elliana,f,142
Ellie,f,1254
Elliot,m,1014
Elliott,f,13
Elliott,m,383
Ellis,m,284
Elodie,f,10
Eloise,f,890
Elsa,f,394
Eluzer,m,89
Elvin,m,60
Elvis,m,346
Elya,m,43
Emaan,f,71
Emani,f,72
Emanuel,m,716
Emely,f,1521
Emerson,f,444
Emerson,m,25
Emery,f,24
Emil,m,10
Emilia,f,1923
Emiliano,m,278
Emilio,m,644
Emily,f,11691
Emir,m,11
Emma,f,13363
Emmanuel,m,3073
Emmanuella,f,13
Emmeline,f,132
Emmett,m,340
Emmy,f,39
Empress,f,12
Enrique,m,277
Enzo,m,265
Ephraim,m,104
Eric,m,4785
Erica,f,335
Erick,m,1785
Erik,m,371
Erika,f,398
Erin,f,634
Ermias,m,22
Eshaal,f,98
Eshal,f,66
Eshan,m,10
Esme,f,238
Esmeralda,f,659
Essence,f,66
Esteban,m,286
Estelle,f,89
Ester,f,271
Esther,f,7080
Estrella,f,90
Esty,f,651
Ethan,m,18771
Etty,f,511
Eunice,f,71
Eva,f,3956
Evan,m,5685
Evangeline,f,341
Eve,f,534
Evelina,f,10
Evelyn,f,3868
Everett,m,408
Everly,f,191
Evie,f,117
Eyad,m,27
Ezekiel,m,494
Ezequiel,m,376
Ezra,m,1766
Ezriel,m,98
Fabian,m,265
Faiga,f,669
Faigy,f,2030
Faith,f,1944
Fanta,f,280
Farah,f,76
Farhan,m,191
Farida,f,23
Fatima,f,2114
Fatou,f,154
Fatoumata,f,1311
Felipe,m,105
Felix,m,1796
Fernanda,f,182
Fernando,m,778
Feynman,m,14
Filip,m,300
Finley,f,88
Finley,m,14
Finn,m,773
Finnegan,m,10
Fiona,f,2211
Fishel,m,49
Florence,f,12
Fradel,f,310
Frady,f,215
Fraidy,f,754
Frances,f,398
Francesca,f,1003
Francesco,m,399
Francis,m,243
Francisco,m,765
Frank,m,1045
Franklin,m,187
Freddy,m,150
Frederick,m,298
Freida,f,36
Freya,f,86
Frida,f,25
Frieda,f,59
Frimet,f,345
Gabriel,m,8562
Gabriela,f,2001
Gabriella,f,5400
Gabrielle,f,1627
Gael,m,1500
Gaia,f,11
Galilea,f,14
Gary,m,75
Gavin,m,2956
Gavriel,m,483
Gemma,f,539
Genesis,f,3337
Genevieve,f,493
George,m,2911
Georgia,f,651
Georgina,f,23
Geraldine,f,144
Gerard,m,60
Gerardo,m,138
Gia,f,1142
Giada,f,78
Giancarlo,m,60
Gianluca,m,89
Gianna,f,3231
Gianni,m,24
Gideon,m,11
Giovani,m,115
Giovanna,f,148
Giovanni,m,2585
Giovanny,m,150
Giselle,f,1084
Gittel,f,433
Gitty,f,2180
Giulia,f,83
Giuliana,f,951
Giuseppe,m,84
Golda,f,402
Goldie,f,111
Goldy,f,799
Gordon,m,210
Grace,f,5455
Graham,m,637
Grant,m,428
Grayson,m,1211
Gregory,m,804
Greta,f,172
Grey,m,10
Greyson,m,517
Griffin,m,493
Guadalupe,f,720
Gustavo,m,264
Guy,m,22
Gwendolyn,f,12
Hadassa,f,66
Hadassah,f,361
Hadley,f,299
Hafsa,f,171
Hailey,f,5151
Hailie,f,60
Haley,f,252
Hamza,m,520
Hana,f,504
Haniya,f,24
Hanley,m,60
Hanna,f,653
Hannah,f,4664
Hao,m,66
Hareem,f,77
Harley,f,70
Harlow,f,76
Harmony,f,557
Harper,f,1356
Harrison,m,1605
Harry,m,514
Harvey,m,75
Hashim,m,13
Hassan,m,156
Hawa,f,432
Hayden,m,691
Haylee,f,371
Hayley,f,78
Hazel,f,979
Heaven,f,1099
Heavenly,f,14
Hector,m,724
Heidi,f,301
Heidy,f,274
Helen,f,823
Helena,f,342
Henchy,f,120
Hendy,f,11
Henny,f,569
Henry,m,6598
Herman,m,10
Hersh,m,420
Hershel,m,596
Hershy,m,729
Hillel,m,178
Hinda,f,297
Hindy,f,1102
Holden,m,13
Hoorain,f,26
Hope,f,112
Hudson,m,2067
Hugo,m,601
Hunter,m,2717
Ian,m,4927
Ibrahim,m,1941
Ibrahima,m,408
Ibrohim,m,13
Idris,m,11
Idy,f,302
Iker,m,960
Ilan,m,287
Ilana,f,132
Imani,f,782
Imogen,f,11
Imona,f,30
Imran,m,120
Inaaya,f,247
Inaya,f,118
Ines,f,71
Ingrid,f,66
Irene,f,632
Iris,f,1177
Isaac,m,6992
Isabel,f,2176
Isabela,f,231
Isabella,f,14745
Isabelle,f,1879
Isaiah,m,4354
Isaias,m,154
Ishaan,m,147
Ishmael,m,60
Isiah,m,132
Isis,f,209
Isla,f,803
Ismael,m,777
Ismail,m,11
Israel,m,1674
Issac,m,133
Itzel,f,603
Ivaan,m,10
Ivan,m,3028
Ivanna,f,165
Ivy,f,1313
Iymona,f,13
Izabella,f,573
Izaiah,m,66
Jabari,m,10
Jace,m,2439
Jack,m,6712
Jackson,m,3272
Jacky,m,217
Jacob,m,18110
Jacqueline,f,1175
Jad,m,115
Jada,f,1054
Jade,f,2127
Jaden,m,3571
Jadiel,m,1225
Jael,m,409
Jaelyn,f,83
Jaelynn,f,66
Jaheim,m,70
Jahir,m,60
Jahmir,m,168
Jaiden,m,1360
Jaime,m,181
Jair,m,60
Jake,m,2967
Jakob,m,10
Jakub,m,66
Jalen,m,331
Jaliyah,f,327
Jamal,m,170
Jamar,m,72
Jamari,m,183
Jamel,m,146
James,m,10273
Jameson,m,54
Jamie,f,246
Jamie,m,12
Jamir,m,118
Jana,f,283
Janae,f,66
Jane,f,711
Janelle,f,492
Janice,f,276
Janiel,m,60
Janiya,f,88
Janiyah,f,292
Jannat,f,367
Jannatul,f,38
Januel,m,126
Jared,m,677
Jariel,m,594
Jasiah,m,399
Jaslene,f,77
Jaslyn,f,10
Jasmin,f,190
Jasmina,f,126
Jasmine,f,2841
Jason,m,6817
Jasper,m,1295
Javier,m,984
Jax,m,193
Jaxon,m,865
Jaxson,m,358
Jay,m,634
Jayce,m,1212
Jayceon,m,525
Jaycob,m,126
Jayda,f,378
Jayden,m,17790
Jayla,f,1560
Jaylah,f,449
Jaylee,f,87
Jayleen,f,990
Jaylen,m,826
Jaylene,f,510
Jaylin,f,404
Jaylin,m,60
Jaylyn,f,60
Jayren,m,60
Jayson,m,735
Jaziel,m,11
Jazlyn,f,610
Jazmin,f,687
Jazmine,f,257
Jazzlyn,f,60
Jean,m,692
Jeancarlos,m,60
Jefferson,m,427
Jeffrey,m,1233
Jelani,m,66
Jencarlos,m,126
Jenna,f,646
Jennifer,f,1776
Jenny,f,594
Jeremiah,m,6433
Jeremias,m,167
Jeremy,m,4635
Jermaine,m,180
Jerry,m,670
Jesse,m,616
Jessica,f,2192
Jessie,f,377
Jesus,m,1921
Jewel,f,12
Jia,f,72
Jia,m,90
Jimena,f,347
Jimmy,m,449
Joanna,f,1064
Joaquin,m,581
Jocelyn,f,1425
Joel,m,3705
Johan,m,853
Johann,m,84
Johanna,f,252
John,m,8020
Johnathan,m,96
Johnny,m,738
Jolie,f,76
Jolin,f,60
Jonael,m,12
Jonah,m,1955
Jonas,m,331
Jonathan,m,8328
Jordan,f,303
Jordan,m,4315
Jordi,m,12
Jordyn,f,712
Jorge,m,987
Jose,m,3440
Josef,m,21
Joselyn,f,511
Joseph,m,13165
Josephine,f,1178
Joshua,m,10707
Josiah,m,4597
Josie,f,10
Josue,m,1105
Journee,f,137
Journey,f,220
Joy,f,565
Joyce,f,771
Joziah,m,34
Juan,m,2226
Judah,m,837
Jude,m,615
Judy,f,264
Julia,f,3719
Julian,m,5956
Juliana,f,1476
Julianna,f,1069
Julie,f,409
Julien,m,399
Juliet,f,1488
Juliette,f,1475
Julio,m,599
Julissa,f,438
Julius,m,1007
Jun,m,60
June,f,333
Junior,m,252
Juniper,f,147
Justice,m,507
Justin,m,10253
Kabir,m,109
Kacper,m,66
Kaden,m,811
Kadiatou,f,163
Kaelyn,f,66
Kai,f,60
Kai,m,1817
Kaia,f,84
Kaiden,m,1826
Kailani,f,31
Kailee,f,11
Kailey,f,428
Kailyn,f,121
Kairo,m,100
Kaitlyn,f,2058
Kalani,f,11
Kaleb,m,789
Kali,f,175
Kaliyah,f,188
Kamari,m,377
Kameron,m,209
Kamila,f,775
Kamiyah,f,70
Kamren,m,11
Karas,m,71
Kareem,m,376
Karen,f,1069
Karina,f,344
Karla,f,590
Karter,m,507
Kassandra,f,78
Kate,f,1045
Katelyn,f,865
Katelynn,f,132
Katerina,f,94
Katherine,f,3091
Kathryn,f,174
Katie,f,731
Kaya,f,60
Kayden,m,3007
Kayla,f,4660
Kaylani,f,88
Kaylee,f,3809
Kayleen,f,317
Kayleigh,f,60
Kaylie,f,313
Kaylin,f,366
Kayson,m,10
Kazi,m,10
Kehlani,f,82
Keila,f,60
Keily,f,185
Keira,f,527
Keith,m,132
Kelly,f,1093
Kelsey,f,451
Kelvin,m,414
Kendra,f,253
Kendrick,m,234
Kennedi,f,10
Kennedy,f,737
Kenneth,m,1262
Kenny,m,448
Kenya,f,60
Kenzie,f,10
Kenzo,m,46
Kevin,m,7877
Keyla,f,401
Khadija,f,131
Khadijah,f,114
Khaleesi,f,45
Khalil,m,375
Khari,m,11
Khloe,f,2745
Kian,m,46
Kiara,f,1352
Kiera,f,13
Kieran,m,414
Kimberly,f,2480
Kimi,m,263
Kimora,f,506
King,m,1795
Kingsley,m,729
Kingston,m,208
Kira,f,396
Kiyan,m,162
Kori,f,32
Kourtney,f,72
Krish,m,104
Kristen,f,60
Kristian,m,162
Kristina,f,10
Krystal,f,78
Kyla,f,328
Kyle,m,3114
Kylee,f,288
Kylie,f,2509
Kymani,m,246
Kyree,m,10
Kyrie,m,577
Kyro,m,11
Kyson,m,44
Laia,f,10
Laila,f,2154
Lailah,f,60
Laith,m,82
Lamar,m,90
Lana,f,233
Landon,m,1149
Lara,f,426
Larry,m,60
Laura,f,776
Lauren,f,2170
Lauryn,f,81
Lawrence,m,463
Layan,f,207
Layla,f,3662
Lazer,m,572
Lea,f,781
Leah,f,10406
Leandro,m,401
Leanna,f,74
Leela,f,154
Legend,m,142
Leia,f,76
Leibish,m,82
Leila,f,1481
Leilani,f,1205
Leilany,f,11
Lena,f,724
Lennox,m,10
Lenny,m,225
Leo,m,4970
Leon,m,1611
Leona,f,72
Leonard,m,116
Leonardo,m,2716
Leonel,m,247
Leonidas,m,100
Leora,f,308
Lesley,f,132
Leslie,f,1234
Lesly,f,424
Lev,m,359
Levi,m,2248
Leyla,f,305
Lia,f,1346
Liah,f,13
Liam,m,14075
Lian,m,60
Liana,f,841
Lianna,f,10
Liba,f,512
Libby,f,811
Lielle,f,31
Lila,f,1166
Lilah,f,271
Lilia,f,11
Lilian,f,70
Liliana,f,1397
Lillian,f,1781
Lilliana,f,10
Lilly,f,392
Lily,f,3674
Lina,f,461
Lincoln,m,246
Linda,f,222
Lindsay,f,172
Lionel,m,10
Liora,f,12
Lipa,m,884
Lisa,f,76
Litzy,f,316
Liv,f,366
Livia,f,396
Liyana,f,10
Liz,f,60
Lizbeth,f,653
Lizeth,f,10
Logan,f,105
Logan,m,6462
Lola,f,709
London,f,2797
Londyn,f,675
Lorenzo,m,1204
Louis,m,1511
Louisa,f,332
Louise,f,157
Luca,m,2912
Lucas,m,11986
Lucia,f,1261
Lucian,m,12
Luciana,f,261
Lucien,m,168
Lucille,f,95
Lucy,f,1555
Luis,m,3087
Luka,m,639
Lukas,m,942
Luke,m,4094
Luna,f,1847
Luz,f,366
Lyanna,f,10
Lydia,f,405
Lyla,f,539
Lyric,f,426
Mabel,f,25
Mackenzie,f,1236
Maddox,m,80
Madeleine,f,1006
Madeline,f,2033
Madelyn,f,1117
Madina,f,22
Madison,f,9387
Madisyn,f,166
Mae,f,207
Maeve,f,688
Magaly,f,66
Maggie,f,388
Mahamadou,m,70
Mahnoor,f,34
Maia,f,290
Maimouna,f,20
Maisie,f,105
Maison,m,164
Maite,f,60
Major,m,229
Makai,m,144
Makayla,f,1951
Makenzie,f,66
Makhi,m,66
Maksim,m,126
Malachi,m,1495
Malak,f,474
Malaysia,f,112
Malcolm,m,157
Malek,m,32
Malia,f,750
Maliha,f,21
Malik,m,789
Malika,f,56
Maliyah,f,443
Malka,f,2041
Malky,f,1916
Mamadou,m,788
Mandy,f,228
Manha,f,261
Manuel,m,865
Marc,m,466
Marcel,m,95
Marcelo,m,86
Marco,m,1200
Marcos,m,579
Marcus,m,2362
Margaret,f,838
Margaux,f,110
Margot,f,430
Maria,f,2761
Mariah,f,1117
Mariam,f,1688
Mariama,f,569
Mariana,f,422
Marie,f,10
Marielle,f,66
Marilyn,f,324
Marina,f,73
Mario,m,494
Marisol,f,60
Marjorie,f,191
Mark,m,2055
Marley,f,36
Marlon,m,263
Marlowe,f,20
Marquis,m,60
Martin,m,1385
Marvin,m,314
Mary,f,609
Maryam,f,1042
Mason,m,11871
Massimo,m,72
Mateo,m,2640
Mathew,m,505
Mathias,m,378
Matias,m,794
Matilda,f,460
Matteo,m,1255
Matthew,m,15285
Matthias,m,34
Maurice,m,161
Mauricio,m,220
Maverick,m,22
Max,m,4434
Maxim,m,682
Maximilian,m,977
Maximiliano,m,421
Maximo,m,132
Maximus,m,991
Maxwell,m,2190
Maya,f,5922
Mayar,f,11
Mayer,m,707
Mayson,m,66
Mckenzie,f,722
Md,m,128
Mechel,m,25
Meera,f,12
Megan,f,745
Meghan,f,24
Meilech,m,252
Meir,m,1502
Meira,f,11
Mekhi,m,635
Melania,f,11
Melanie,f,3533
Melany,f,764
Melina,f,313
Melissa,f,1261
Melody,f,1547
Melvin,m,328
Menachem,m,2551
Menashe,m,159
Mendel,m,1163
Mendy,m,484
Menucha,f,78
Meshilem,m,43
Messiah,m,1333
Meyer,m,177
Mia,f,12656
Miah,f,193
Micaela,f,12
Micah,m,1378
Michael,m,15177
Michaela,f,279
Michal,f,188
Michelle,f,3462
Miguel,m,2270
Mika,f,11
Mikael,m,10
Mikaela,f,274
Mikayla,f,903
Mike,m,350
Mila,f,2978
Milagros,f,60
Milan,f,744
Milan,m,491
Milana,f,323
Milani,f,101
Milania,f,11
Milena,f,97
Miles,m,2478
Miley,f,282
Millie,f,36
Milo,m,661
Mina,f,246
Mindy,f,741
Mira,f,274
Miracle,f,403
Miranda,f,647
Mirel,f,308
Miri,f,249
Miriam,f,4369
Misael,m,60
Miya,f,25
Mohamed,m,2530
Mohammad,m,1720
Mohammed,m,1797
Moises,m,450
Moishe,m,546
Moishy,m,12
Mollie,f,10
Molly,f,1066
Monica,f,72
Monserrat,f,60
Montserrat,f,125
Mordche,m,81
Mordechai,m,2441
Morgan,f,1286
Morris,m,271
Moses,m,745
Moshe,m,6847
Motty,m,11
Mouhamed,m,177
Moussa,m,393
Muhammad,m,3901
Muhammad ali,m,11
Muntaha,f,10
Musa,m,313
Mushka,f,155
Muslima,f,12
Mustafa,m,122
Mya,f,1462
Myles,m,666
Myra,f,43
Nabiha,f,24
Nachman,m,209
Nadia,f,442
Naftali,m,697
Naftuli,m,390
Nahla,f,228
Nailah,f,22
Nala,f,57
Nalani,f,11
Nana,f,60
Nana,m,60
Nancy,f,60
Naomi,f,3290
Nashla,f,187
Nashley,f,60
Nashly,f,13
Nasir,m,888
Natalia,f,1683
Natalie,f,2919
Nataly,f,168
Natasha,f,315
Nathalia,f,160
Nathalie,f,576
Nathaly,f,459
Nathan,m,6764
Nathanael,m,89
Nathaniel,m,5058
Nava,f,39
Nayeli,f,454
Nayla,f,10
Nazir,m,71
Nechama,f,775
Nehemiah,m,155
Neil,m,172
Nelson,m,557
Nevaeh,f,1858
Neymar,m,287
Nia,f,931
Niam,m,13
Nicholas,m,8558
Nico,m,394
Nicolas,m,2522
Nicole,f,3891
Nicolette,f,166
Nigel,m,60
Nikhil,m,90
Nikita,m,132
Nikolai,m,11
Nikolas,m,151
Nina,f,1865
Noa,f,873
Noach,m,31
Noah,m,14268
Noam,m,492
Noel,m,1028
Noelle,f,127
Noemi,f,244
Nolan,m,983
Noor,f,338
Nora,f,1408
Norah,f,139
Nosson,m,214
Nova,f,278
Nuchem,m,16
Nusrat,f,11
Nyah,f,60
Nyla,f,1466
Nylah,f,1269
Olive,f,433
Oliver,m,5426
Olivia,f,13332
Olympia,f,10
Omar,m,2582
Omari,m,410
Ophelia,f,12
Oren,m,11
Ori,m,66
Orion,m,104
Orlando,m,60
Orly,f,10
Oscar,m,2529
Oskar,m,11
Otis,m,30
Otto,m,145
Oumar,m,325
Oumou,f,387
Ousmane,m,212
Owen,m,3797
Pablo,m,557
Paige,f,1358
Paloma,f,22
Pamela,f,78
Paola,f,138
Paris,f,1002
Parizoda,f,10
Parker,f,221
Parker,m,726
Patrick,m,1759
Paul,m,1191
Paula,f,120
Payton,f,102
Pearl,f,796
Pedro,m,590
Penelope,f,3152
Perel,f,352
Peretz,m,23
Perl,f,300
Perla,f,219
Perry,f,219
Pessy,f,773
Peter,m,1920
Peyton,f,1515
Peyton,m,260
Philip,m,668
Phoebe,f,1034
Phoenix,f,260
Phoenix,m,27
Pierce,m,52
Pinchas,m,415
Pinchus,m,305
Piper,f,423
Polina,f,72
Poppy,f,221
Precious,f,60
Preston,m,1044
Prince,m,1560
Princess,f,240
Princeton,m,127
Priscilla,f,93
Queena,f,95
Queenie,f,419
Quincy,m,182
Quinn,f,612
Quinn,m,354
Rachel,f,6531
Rafael,m,1644
Rahaf,f,25
Raina,f,199
Raizel,f,494
Raizy,f,1831
Ralph,m,21
Randy,m,890
Raphael,m,669
Raquel,f,254
Raul,m,222
Raya,f,11
Rayan,m,1024
Raymond,m,1672
Rayna,f,10
Rayyan,m,291
Reagan,f,258
Rebecca,f,2109
Reed,m,192
Reem,f,106
Reese,f,532
Rehan,m,235
Reid,m,405
Reign,f,46
Reina,f,11
Reizy,f,80
Remi,f,26
Remy,f,30
Remy,m,38
Rena,f,66
Renata,f,10
Renee,f,120
Reuben,m,66
Reuven,m,135
Rhea,f,11
Rhys,m,164
Ricardo,m,681
Richard,m,2631
Ricky,m,317
Rifka,f,86
Rifky,f,341
Rihanna,f,288
Riley,f,2510
Riley,m,974
Rina,f,24
Riva,f,20
River,m,65
Rivka,f,3233
Rivkah,f,55
Rivky,f,1566
Riya,f,96
Robert,m,3625
Roberto,m,446
Rocco,m,474
Rochel,f,809
Rodney,m,60
Rodrigo,m,347
Roger,m,78
Rohaan,m,10
Rohan,m,449
Roiza,f,60
Roizy,f,248
Roman,m,986
Romeo,m,331
Romy,f,84
Ronald,m,92
Ronaldo,m,10
Ronan,m,347
Rory,m,267
Rosa,f,302
Rose,f,1677
Roselyn,f,198
Rosemary,f,11
Rosie,f,71
Rowan,f,86
Rowan,m,417
Roy,m,364
Royal,f,20
Royal,m,48
Royalty,f,37
Royce,m,80
Ruben,m,263
Ruby,f,1720
Ruchel,f,85
Ruchy,f,473
Russell,m,11
Ruth,f,456
Ryan,f,219
Ryan,m,12950
Ryder,m,469
Rylee,f,79
Sabiha,f,12
Sabina,f,105
Sabrina,f,1723
Sade,f,96
Sadie,f,1294
Safa,f,90
Safwan,m,43
Sage,f,180
Sage,m,10
Sahil,m,10
Saif,m,12
Saifan,m,35
Saige,f,76
Saint,m,14
Salma,f,364
Salome,f,126
Salvatore,m,768
Sam,m,957
Sama,f,12
Samaira,f,13
Samantha,f,5666
Samara,f,583
Sami,m,72
Samir,m,486
Samira,f,149
Samiya,f,60
Samiyah,f,251
Sammy,m,11
Samuel,m,9073
Sanaa,f,478
Sanai,f,460
Sandra,f,60
Saniya,f,78
Saniyah,f,315
Santiago,m,1497
Santino,m,279
Saoirse,f,10
Sapphire,f,11
Sara,f,4631
Sarah,f,8787
Sarahi,f,16
Sarai,f,1109
Sari,f,10
Sariah,f,426
Sarina,f,66
Sariyah,f,30
Sasha,f,763
Saul,m,237
Savanna,f,115
Savannah,f,3059
Savion,m,60
Sawyer,m,295
Scarlet,f,469
Scarlett,f,3706
Scott,m,11
Sean,m,2524
Sebastian,m,9430
Sekou,m,90
Selena,f,806
Selim,m,64
Selina,f,698
Selma,f,60
Serafina,f,10
Serena,f,837
Serenity,f,2570
Sergio,m,385
Seth,m,168
Sevyn,f,22
Shaina,f,472
Shaindel,f,313
Shaindy,f,1577
Shalom,m,364
Shane,m,800
Shania,f,150
Shaniya,f,66
Sharon,f,415
Shaul,m,89
Shawn,m,649
Shaya,m,817
Shayaan,m,78
Shayan,m,135
Shayla,f,126
Shayna,f,72
Shea,f,13
Shea,m,402
Sheldon,m,13
Sherlyn,f,636
Sherry,f,78
Shevy,f,108
Shia,m,890
Shifra,f,521
Shiloh,f,174
Shiloh,m,16
Shimon,m,2698
Shira,f,547
Shirley,f,680
Shloime,m,385
Shloimy,m,421
Shloma,m,133
Shlome,m,550
Shlomo,m,1757
Shmiel,m,609
Shmuel,m,1483
Shneur,m,202
Sholom,m,486
Shoshana,f,513
Shraga,m,142
Shreya,f,60
Shukrona,f,15
Shulem,m,1082
Sidney,m,60
Siena,f,469
Sienna,f,1640
Silas,m,316
Sima,f,446
Simcha,m,886
Simi,f,73
Simon,m,1555
Simone,f,556
Sincere,m,503
Sky,f,10
Skye,f,305
Skyla,f,993
Skylah,f,393
Skylar,f,2475
Skyler,f,164
Skyler,m,202
Sloane,f,672
Sofia,f,8939
Solomon,m,1256
Sonia,f,70
Sonny,m,17
Sophia,f,15193
Sophie,f,3496
Soraya,f,60
Spencer,m,567
Stacey,f,66
Stacy,f,227
Stanley,m,509
Stefan,m,10
Stella,f,2898
Stephanie,f,1773
Stephany,f,66
Stephen,m,719
Steve,m,210
Steven,m,3993
Subhan,m,60
Sulaiman,m,10
Summer,f,1223
Sunny,f,60
Suri,f,289
Sury,f,809
Sydney,f,1623
Syed,m,651
Syeda,f,353
Sylvia,f,540
Sylvie,f,189
Symphony,f,78
Tabitha,f,60
Tahmid,m,10
Talia,f,1320
Taliyah,f,11
Tallulah,f,11
Tamar,f,306
Tamara,f,10
Tamia,f,317
Tanisha,f,72
Taraji,f,72
Tasnim,f,60
Tatiana,f,277
Taylor,f,2531
Taylor,m,126
Teagan,f,36
Tehila,f,41
Tenzin,f,846
Tenzin,m,858
Terrell,m,120
Terrence,m,150
Terry,m,76
Tess,f,66
Tessa,f,381
Thea,f,117
Theo,m,391
Theodora,f,26
Theodore,m,3347
Thiago,m,838
Thierno,m,14
Thomas,m,4660
Tiana,f,440
Tianna,f,168
Tiffany,f,1524
Timothy,m,1688
Timur,m,26
Tina,f,272
Toba,f,25
Tobias,m,10
Toby,f,1302
Tomas,m,250
Tony,m,262
Tori,f,362
Tova,f,113
Trany,f,158
Travis,m,466
Trinity,f,746
Tristan,m,3337
Troy,m,156
Tyler,m,5941
Tzipora,f,384
Tziporah,f,185
Tzippy,f,82
Tzirel,f,12
Tzivia,f,150
Tzvi,m,1293
Umar,m,21
Uriel,m,452
Usher,m,723
Valentin,m,11
Valentina,f,4137
Valentino,m,109
Valeria,f,1120
Valerie,f,1859
Valery,f,229
Vanessa,f,1761
Veer,m,25
Vera,f,429
Veronica,f,746
Veronika,f,66
Vicky,f,609
Victor,m,2657
Victoria,f,7612
Vienna,f,26
Vihaan,m,174
Viktor,m,10
Vincent,m,3536
Vincenzo,m,182
Violet,f,2165
Violeta,f,82
Virginia,f,72
Vivian,f,2274
Viviana,f,136
Vivienne,f,889
Walker,m,10
Walter,m,186
Wendy,f,441
Wesley,m,985
Weston,m,86
Wilder,m,11
Willa,f,559
William,m,9384
Willow,f,53
Wilson,m,640
Winnie,f,571
Winston,m,373
Winter,f,110
Wolf,m,170
Wyatt,m,922
Wynter,f,269
Xander,m,149
Xavier,m,4456
Ximena,f,602
Xin,f,210
Yaakov,m,1466
Yachet,f,90
Yadiel,m,604
Yael,f,522
Yael,m,102
Yahir,m,437
Yahya,m,98
Yair,m,60
Yakov,m,1677
Yamilet,f,66
Yamileth,f,166
Yandel,m,252
Yaniel,m,60
Yanky,m,83
Yara,f,86
Yareli,f,10
Yaretzi,f,871
Yariel,m,310
Yaritza,f,22
Yaseen,m,173
Yasmin,f,154
Yasmina,f,101
Yasmine,f,142
Yassin,m,95
Yechezkel,m,144
Yechiel,m,878
Yehoshua,m,657
Yehuda,m,2334
Yehudah,m,60
Yehudis,f,611
Yerik,m,78
Yesenia,f,66
Yeshaya,m,76
Yida,m,91
Yidel,m,149
Yides,f,739
Yisrael,m,299
Yisroel,m,2279
Yitta,f,72
Yitty,f,1274
Yitzchak,m,362
Yitzchok,m,1915
Yocheved,f,780
Yoel,m,505
Yona,m,60
Yonah,m,73
Yonatan,m,36
Yosef,m,3083
Yossi,m,337
Younis,m,11
Yousef,m,439
Youssef,m,511
Yu,f,78
Yuna,f,11
Yusuf,m,634
Zabdiel,m,11
Zachariah,m,60
Zachary,m,4529
Zahara,f,71
Zahir,m,84
Zahra,f,389
Zaid,m,30
Zaiden,m,99
Zain,m,441
Zainab,f,686
Zaire,m,634
Zakaria,m,10
Zalmen,m,284
Zamir,m,60
Zander,m,10
Zane,m,115
Zaniyah,f,190
Zara,f,1113
Zaria,f,89
Zariah,f,236
Zayan,m,369
Zayden,m,441
Zayn,m,155
Zelda,f,183
Zendaya,f,91
Zev,m,1416
Zhuri,f,10
Zion,m,1634
Zissy,f,740
Zoe,f,6525
Zoey,f,2973
Zora,f,11
Zoya,f,134
Zuri,f,536
Zyaire,m,96
